Nombre,Apellido,Email,Trabajo,Direcci√≥n
Michael Koss;Dach;Elsa.Kutch54@yahoo.com;Dynamic Brand Officer;59032 Champlin Ferry
Scott Altenwerth;Runolfsdottir;Sallie.Ebert30@gmail.com;Product Metrics Specialist;331 Peter Wells
Alton West;Shanahan;Darwin34@gmail.com;Dynamic Creative Liaison;6138 Rolfson Ports
Dr. Juanita Beier;Lemke;Darion50@yahoo.com;Principal Marketing Designer;95958 Ryan Views
Ruben Gulgowski;Johnson;Stacy_Rath@yahoo.com;Future Solutions Manager;259 Schinner Lights
Delia Hammes;Senger;Madelynn16@gmail.com;Corporate Assurance Supervisor;29683 Pablo Wells
Jesus Farrell;Lynch;Bridgette.Donnelly@hotmail.com;Global Applications Executive;120 Sid Mill
Claire Botsford;Schoen;Nicholaus17@gmail.com;Regional Division Representative;856 Kovacek Mountains
Colin Block;Becker;Sienna_Anderson52@yahoo.com;Global Optimization Representative;7380 Goldner Burg
Dr. Mercedes Cremin;Ledner;Carley16@yahoo.com;Principal Implementation Representative;132 Mabel Fields
Mr. Terrence Green;Vandervort;Alana_Welch@gmail.com;National Web Manager;5169 Heathcote Junctions
Moses Grimes;Schroeder;Vada74@yahoo.com;Forward Branding Coordinator;5032 Nitzsche Stravenue
Marion Hansen;Lang;Jordyn_Hudson@hotmail.com;Senior Creative Specialist;39102 Boyer Hollow
Ms. Kara Harvey;Zemlak;Duane.Hilpert@hotmail.com;Senior Data Engineer;833 Brenna Corners
Rex Murphy DDS;Kreiger;Faustino_Okuneva5@gmail.com;Chief Creative Agent;1757 Baylee Trafficway
Sylvia Stehr;Yost;Nikko.Rutherford@hotmail.com;Forward Infrastructure Supervisor;96303 Conn Dale
Bridget Brown;Metz;Soledad.Jacobs30@gmail.com;Lead Solutions Executive;97162 Dagmar Vista
Roy Welch;Lemke;Wilma_Kub79@yahoo.com;Dynamic Applications Administrator;39927 Moore Estate
Tracey Dicki;Raynor;Alexis14@hotmail.com;Central Mobility Analyst;646 Sporer Estates
Amelia Stanton;Dicki;Ashlee23@yahoo.com;Lead Paradigm Liaison;3081 Manley Islands
Ms. Lowell Block;Weissnat;Briana.Wisoky75@gmail.com;Investor Accounts Administrator;510 Kihn Knolls
Jerald Hettinger;Hirthe;Wilhelmine.Mante@hotmail.com;Dynamic Security Executive;14150 Shad Track
Heidi Goodwin;Ryan;Maurine_McCullough55@gmail.com;Internal Integration Director;28403 Declan Plains
Perry Bartoletti;McDermott;Christian.DAmore@yahoo.com;Global Optimization Consultant;27450 Denesik Trafficway
Tyler Nikolaus;Sporer;Lexus_Becker@gmail.com;Direct Tactics Administrator;4695 Ollie Parkways
Lowell Balistreri;Bosco;Laney47@yahoo.com;International Directives Strategist;632 Ernestine Locks
Richard Rosenbaum;Larkin;Amya24@yahoo.com;Dynamic Functionality Associate;917 Russell Greens
Willard Jenkins;Parker;Adell22@gmail.com;Investor Security Consultant;29503 Schimmel Common
Jack Dickens;Kihn;Demetris.Schowalter92@gmail.com;Principal Optimization Facilitator;452 Jarret Stravenue
Leo MacGyver;Kuhic;Demarcus.Glover31@gmail.com;Principal Markets Liaison;69346 Piper Green
Marilyn Tremblay;Paucek;Natalia_Littel14@hotmail.com;Dynamic Assurance Administrator;50705 Donnie Crest
Mary Parisian;Rosenbaum;Adele_Smitham@yahoo.com;Global Marketing Specialist;96025 Weissnat Point
Bernard Ledner;Hilll;Kelly_Welch4@yahoo.com;Customer Markets Planner;7286 Ora Junctions
Bruce Swift;Grant;Kathlyn.Purdy@gmail.com;Dynamic Marketing Officer;80742 Enid Tunnel
Rolando Ward;Erdman;Raul_Lubowitz26@gmail.com;International Program Analyst;6311 Altenwerth Prairie
Wilfred Hayes;Dach;Gino3@hotmail.com;Legacy Tactics Assistant;1802 Rowe Gardens
Christine Maggio;Douglas;Caitlyn_Powlowski@gmail.com;Senior Communications Strategist;446 Cole Flats
Vickie O'Reilly;Harber;Demetrius_McKenzie@hotmail.com;Product Applications Assistant;626 Monica Mountain
Maggie Mayer;Sauer;Agustina_Bernhard@hotmail.com;Principal Infrastructure Supervisor;94732 Klein Plaza
Melanie Hettinger;Kohler;Elinor.Schowalter@yahoo.com;District Optimization Liaison;91940 Rosalee Ramp
Shelley Kunde;Luettgen;Anya.Corwin@yahoo.com;Customer Metrics Associate;8363 Gordon Trail
Christina Lindgren;Wolff;Jesse.Leuschke@hotmail.com;Customer Solutions Technician;7733 Guillermo Unions
Nora Schmeler;Hermiston;Mario1@gmail.com;National Directives Facilitator;4833 Pamela Club
Mr. Ronnie Bechtelar;Murray;Roderick73@hotmail.com;Future Integration Officer;35707 Collins Passage
Erin Romaguera;Ankunding;Jaylen49@yahoo.com;Corporate Markets Planner;85224 Durgan Inlet
Minnie Kulas;Little;Jessyca.Koch77@gmail.com;Dynamic Applications Specialist;83141 Jess Motorway
Derek Grady;Rolfson;Jaunita.Langosh93@yahoo.com;Corporate Brand Consultant;750 Kari Plains
Nichole Herman;Dooley;Riley.Pouros@yahoo.com;Chief Functionality Analyst;76378 Madisyn Hill
Louis Strosin;Steuber;Colby.Crona@gmail.com;Dynamic Applications Specialist;544 Connelly Dam
Kristy Hand;Kshlerin;Rosanna49@yahoo.com;Customer Implementation Analyst;4655 Robyn Summit
Tony Metz;Frami;Miracle44@gmail.com;Regional Brand Liaison;5370 Koelpin Wells
Clifford Bosco;Koss;Golden_Becker46@gmail.com;International Identity Designer;80625 Brown Garden
Delia Lebsack;Pollich;Constantin74@hotmail.com;Lead Mobility Assistant;2778 Mitchell Spur
Nettie Moore V;Lockman;Robb4@yahoo.com;Senior Metrics Consultant;5945 Rosenbaum Drive
Nora Watsica;Rutherford;Camille_Swaniawski67@yahoo.com;Senior Data Administrator;2398 Heathcote Parkways
Dave Daniel;Jakubowski;Kennedi.Crona98@gmail.com;Dynamic Security Director;5181 Emmanuelle Crest
Mr. Maggie Boehm;Huel;Mariane_Barton76@hotmail.com;Legacy Web Supervisor;669 Hilll Fall
Darren Carter;Veum;Luz.Sporer@hotmail.com;Corporate Response Designer;5287 Rogers Ranch
Edgar Walker;Ullrich;Alec_Witting@gmail.com;Senior Response Consultant;2945 Kristopher Points
Alma Bahringer;Kuhic;Norberto.Towne@gmail.com;Dynamic Markets Director;2197 Kuvalis Trace
Patricia Stoltenberg;Kuhlman;Jerel.Luettgen@gmail.com;Central Directives Analyst;509 Murl Ranch
Mrs. Shannon Pfannerstill;Bosco;Gianni.Rippin39@gmail.com;Dynamic Applications Representative;775 Schimmel Spring
Tricia Halvorson;Hahn;Phyllis.Cruickshank47@gmail.com;Chief Solutions Strategist;17102 Muller Squares
Jana Bergnaum;Auer;Gregory.Schneider@yahoo.com;Legacy Security Producer;34639 Modesta Springs
Kristina Fay;Hyatt;Freida_Wiegand12@hotmail.com;Regional Security Director;152 Wintheiser Wells
Cedric Nikolaus;Willms;Brook.Johnson@gmail.com;Product Solutions Facilitator;9910 Mueller Villages
Hector Schiller;Turner;Adelbert.Hermiston@hotmail.com;Direct Configuration Planner;885 Liza Oval
Cedric Wuckert;Rosenbaum;Tommie_Wiegand@gmail.com;National Research Representative;297 Frieda Mount
Lucy Dach;Mraz;Annamarie99@hotmail.com;Legacy Mobility Analyst;6309 Kamren Pike
Alison Erdman;Sanford;Allie.Huels@gmail.com;Human Web Orchestrator;200 Ova Ferry
Dr. Jimmie Jacobi;Johns;Frances57@hotmail.com;Product Research Assistant;08929 Patience Expressway
Sammy Vandervort;Shields;Giovani_Cole25@yahoo.com;International Intranet Director;9621 Mante Course
Cindy Lind III;Erdman;Talon_Durgan@hotmail.com;Dynamic Implementation Representative;59213 Daniel Stream
Beth Maggio DVM;Leannon;Keara15@gmail.com;Senior Response Orchestrator;86422 Runte Park
Belinda Gerhold;Medhurst;Jesse53@yahoo.com;Human Paradigm Engineer;78069 McDermott Crossroad
Lee Wyman;Jacobs;Zion.Gottlieb90@yahoo.com;Senior Response Liaison;81483 Koelpin Burgs
Cameron Orn;Jerde;Lesley.Mayer56@gmail.com;Principal Brand Assistant;8929 Sage Roads
Johnathan Murazik DDS;Larson;Robin_Leannon@gmail.com;Forward Implementation Agent;73220 Huel Estates
Rogelio Cronin;Mraz;Lucious_Schuster78@gmail.com;National Paradigm Technician;096 Jerde Common
Sonya Dickinson;Reichert;Myrna_Schamberger93@hotmail.com;Dynamic Implementation Producer;2809 Tess Pines
Harvey Bashirian;Tromp;Evalyn45@yahoo.com;Regional Solutions Designer;3869 Medhurst Square
Gladys Schultz;Glover;Cornelius10@hotmail.com;Senior Quality Supervisor;144 Hermina Extensions
Ms. Rachel Willms;Kris;Khalid_Corwin@yahoo.com;Dynamic Metrics Architect;821 Romaine Villages
Lola Fahey;Connelly;Birdie_Cruickshank@yahoo.com;Internal Intranet Engineer;2271 Schimmel Mountain
Alton Wunsch;Schultz;Quinton.OReilly@gmail.com;Dynamic Infrastructure Agent;0804 Satterfield Keys
Mrs. Ivan Rau;Friesen;Eunice25@gmail.com;Corporate Usability Consultant;334 Torp Valley
Dominic Lebsack Sr.;Kulas;Lillian36@hotmail.com;Corporate Tactics Associate;91258 Kessler Mountain
Diana Will;Davis;Juana61@yahoo.com;Legacy Mobility Producer;6036 Camilla Via
Ms. Phil Skiles;Waelchi;Yvette.Cartwright@hotmail.com;Dynamic Security Liaison;03363 Arthur Road
Wilbert O'Reilly DDS;Ziemann;Eileen.Becker58@gmail.com;Corporate Markets Assistant;31698 Emerald Curve
Andre Hermann;Kshlerin;Maud.Bartell83@hotmail.com;District Identity Planner;53880 Lehner Wall
Alyssa Cartwright;Morissette;Clemmie53@gmail.com;Dynamic Metrics Technician;51004 Reichert Trace
Marco Strosin;Wisozk;Henri.Gislason96@yahoo.com;Investor Communications Associate;219 Vella Prairie
Alvin Funk;Auer;Makenna72@gmail.com;Lead Paradigm Developer;37311 Jarod Common
Kayla Kertzmann;D'Amore;Ayden.Baumbach@hotmail.com;Dynamic Data Associate;012 Elsie Junctions
Whitney Howe Sr.;Wiegand;Heidi.Nader33@yahoo.com;Lead Paradigm Assistant;965 Robb Ford
Simon Pollich;Kunze;Antonette45@gmail.com;Human Division Consultant;221 Feil Inlet
Monica Herman;Ritchie;Ulices_Casper@hotmail.com;Senior Marketing Officer;72977 Romaine Shoal
Mr. Cristina Upton;Wunsch;Luigi.Torp@gmail.com;Product Operations Associate;0272 Tess Street
Mack Hand;Mann;Kaylin_Robel17@hotmail.com;Legacy Optimization Coordinator;53908 Russel Ports
